{
  "custom_step_add_pre_proc": 0.2199845314025879,
  "custom_step_add_post_proc": 0.007381439208984375,
  "step_qonnx_to_finn": 0.6644117832183838,
  "step_tidy_up": 0.1288433074951172,
  "step_streamline": 3.7799417972564697,
  "step_manage_gap": 0.04462003707885742,
  "step_convert_to_hw": 0.18366503715515137,
  "step_create_dataflow_partition": 0.029004573822021484,
  "step_specialize_layers": 0.0351710319519043,
  "step_target_fps_parallelization": 0.0401766300201416,
  "step_apply_folding_config": 1.8835067749023438e-05,
  "step_minimize_bit_width": 0.17697882652282715,
  "step_generate_estimate_reports": 0.10034465789794922,
  "step_hw_codegen": 1.5126512050628662,
  "step_hw_ipgen": 330.9434025287628,
  "step_set_fifo_depths": 775.4345173835754,
  "step_create_stitched_ip": 2.7418136596679688e-05,
  "step_measure_rtlsim_performance": 6.9141387939453125e-06,
  "step_out_of_context_synthesis": 1.5974044799804688e-05,
  "step_synthesize_bitfile": 3952.419888973236,
  "step_make_pynq_driver": 2.3530378341674805,
  "step_deployment_package": 0.013917207717895508
}