{
  "custom_step_add_pre_proc": 0.4121866226196289,
  "custom_step_add_post_proc": 0.01177215576171875,
  "step_qonnx_to_finn": 1.2211620807647705,
  "step_tidy_up": 0.34835243225097656,
  "step_streamline": 7.5563764572143555,
  "step_manage_gap": 0.07853460311889648,
  "step_convert_to_hw": 0.33937501907348633,
  "step_create_dataflow_partition": 0.04261946678161621,
  "step_specialize_layers": 0.051523685455322266,
  "step_target_fps_parallelization": 0.053923845291137695,
  "step_apply_folding_config": 9.775161743164062e-06,
  "step_minimize_bit_width": 0.49971795082092285,
  "step_generate_estimate_reports": 0.13066339492797852,
  "step_hw_codegen": 4.353737831115723,
  "step_hw_ipgen": 321.7905697822571,
  "step_set_fifo_depths": 1286.7746007442474,
  "step_create_stitched_ip": 3.814697265625e-05,
  "step_measure_rtlsim_performance": 4.0531158447265625e-06,
  "step_out_of_context_synthesis": 1.0251998901367188e-05,
  "step_synthesize_bitfile": 4194.421638727188,
  "step_make_pynq_driver": 2.396745443344116,
  "step_deployment_package": 0.013151407241821289
}