{
  "custom_step_add_pre_proc": 0.37919068336486816,
  "custom_step_add_post_proc": 0.009262800216674805,
  "step_qonnx_to_finn": 0.9844021797180176,
  "step_tidy_up": 0.27683424949645996,
  "step_streamline": 6.287049770355225,
  "step_manage_gap": 0.061408042907714844,
  "step_convert_to_hw": 0.2759733200073242,
  "step_create_dataflow_partition": 0.040130615234375,
  "step_specialize_layers": 0.045995235443115234,
  "step_target_fps_parallelization": 0.047599077224731445,
  "step_apply_folding_config": 8.58306884765625e-06,
  "step_minimize_bit_width": 0.42845988273620605,
  "step_generate_estimate_reports": 0.12763452529907227,
  "step_hw_codegen": 1.6969926357269287,
  "step_hw_ipgen": 298.8729245662689,
  "step_set_fifo_depths": 1193.977935552597,
  "step_create_stitched_ip": 2.9087066650390625e-05,
  "step_measure_rtlsim_performance": 6.198883056640625e-06,
  "step_out_of_context_synthesis": 7.3909759521484375e-06,
  "step_synthesize_bitfile": 3183.6820628643036,
  "step_make_pynq_driver": 2.2756850719451904,
  "step_deployment_package": 0.011505603790283203
}