{
  "custom_step_add_pre_proc": 0.2536005973815918,
  "custom_step_add_post_proc": 0.008453845977783203,
  "step_qonnx_to_finn": 0.9597337245941162,
  "step_tidy_up": 0.16763901710510254,
  "step_streamline": 4.171210765838623,
  "step_manage_gap": 0.0459442138671875,
  "step_convert_to_hw": 0.16965246200561523,
  "step_create_dataflow_partition": 0.02881026268005371,
  "step_specialize_layers": 0.03451728820800781,
  "step_target_fps_parallelization": 0.0450592041015625,
  "step_apply_folding_config": 5.9604644775390625e-06,
  "step_minimize_bit_width": 0.37192797660827637,
  "step_generate_estimate_reports": 0.10750937461853027,
  "step_hw_codegen": 23.0866379737854,
  "step_hw_ipgen": 1670.3777565956116,
  "step_set_fifo_depths": 27370.650902748108,
  "step_create_stitched_ip": 4.839897155761719e-05,
  "step_measure_rtlsim_performance": 7.3909759521484375e-06,
  "step_out_of_context_synthesis": 1.0967254638671875e-05,
  "step_synthesize_bitfile": 19860.490912914276,
  "step_make_pynq_driver": 11.870441436767578,
  "step_deployment_package": 0.1039266586303711
}